0,1,2,3
time,céline semaan,what needs to happen to tackle fashions climate impact,2023-09-30T11:00:00Z
fashionista,shelby ying hyde,"those fast-fashion 'dupes' are slowing the progression of small, independent brands",2023-10-12T14:00:00Z
the atlantic,amanda mull,millennials have lost their grip on fashion,2023-09-21T16:00:00Z
fast company,rebecca barker,these luxury brands are doing work that helps justify the splurge,2023-10-03T07:00:00Z
android central,tips@androidcentralcom (vishnu sarangapurkar),tecno's stylish new phantom v flip aims to undercut the competition,2023-09-22T07:30:15Z
wayneedu,,"word warriors' ""words that deserve wider use""",2023-10-13T10:52:38Z
business insider,madison hoff,the 20 companies business students around the world most want to work for,2023-10-11T13:05:37Z
fastforwardlabscom,,causality for machine learning,2023-09-26T18:14:23Z
yanko design,jc torres,"samsung galaxy s24 design leak is very flat, raising concerns over ergonomics",2023-10-02T22:30:04Z
springwisecom,hannah hudson,a fashion re-commerce platform tackles textile waste in africa,2023-10-09T04:55:00Z
business insider,jennifer ortakales dawkins,"i quit buying new clothes for 5 months, and it helped me curb my impulse purchases now, i'm doing it again as i start repaying my student loans",2023-09-27T09:07:01Z
business insider,jennifer ortakales dawkins,10 gen z status symbols taking over american high schools,2023-10-11T09:32:01Z
the new yorker,molly fischer,how glossier made effortlessness a billion-dollar brand,2023-09-18T10:00:00Z
npr,stephen fowler,"in georgia, trump's latest indictment deepens a gop divide",2023-09-14T09:00:32Z
faznet,anke schipp,fashion week paris: holen uns die neunziger bald wieder ein?,2023-09-30T08:59:39Z
20 minutes,NA,comment le prêt-à-porter français doit riposter face à lultra fast fashion,2023-09-18T08:47:36Z
forbes,NA,"beyond fast fashion: design, engagement and branding tips for companies",2023-09-14T11:30:00Z
forbes,NA,the five-minute rule: the value of mindfulness as a consumer or marketer,2023-09-22T14:00:00Z
forbes,NA,is express inc on the fast track to oblivion?,2023-10-11T18:27:50Z
highsnobiety,,snob diaries: alpinestars 60th anniversary party with mike seegars,2023-09-29T17:16:10Z
il sole 24 ore,di cristina gennari,fast fashion: da shein a temu tutti i numeri e i lati oscuri della moda veloce,2023-09-21T13:39:31Z
highsnobiety,,skepta's mains line is back & servin',2023-09-16T21:17:34Z
android central,harishjonnalagadda@futurenetcom (harish jonnalagadda),"oneplus oxygenos 14: release date, new features, eligible devices, and more",2023-09-25T13:09:39Z
forbes,NA,"fast fashion is the industrys sustainability scapegoat heres why its dangerous, and what should happen",2023-10-12T19:10:13Z
fast company,david salazar,"these 5 strong, relevant brands have stood the test of time",2023-10-03T07:00:00Z
time,aryn baker,chef daniel humm is cooking for the 1% for a reason: ‘i know that this voice does affect change,2023-09-22T18:47:45Z
corriereit,corriere tv,"shein, il lato oscuro del re del fast fashion: lavoratori schiavi, tessuti tossici e inquinamento",2023-09-20T04:46:22Z
small business trends,antony maina,how to start a shoe business,2023-10-12T15:00:36Z
the new yorker,françoise mouly,diana ejaitas “lines of beauty”,2023-09-18T10:00:00Z
springwisecom,hannah hudson,planet champions: emily stochl,2023-09-18T06:00:00Z
android authority,matt horne,prime day 2 brings the oneplus pad deal weve been waiting for,2023-10-10T08:04:57Z
[removed],,[removed],1970-01-01T00:00:00Z
time,cady lang,director roger ross williams always roots for the underdog,2023-09-20T14:31:55Z
espn,ryan mcgee,bottom 10? 10 men on the field? notre dame a perfect fit for our list,2023-09-27T14:05:08Z
pcworld,author: jon l jacobi,"samsung t9 portable ssd review: rugged outside, fast inside",2023-10-03T14:00:00Z
faznet,jennifer wiebking,wann erscheint die erste kollektion von phoebe philo?,2023-10-10T16:54:29Z
forbes,NA,global fashion collective steals the spotlight at milan fashion week 2023,2023-09-24T16:41:05Z
venturebeat,vb staff,why a devops approach is crucial to securing containers and kubernetes,2023-09-27T19:44:05Z
highsnobiety,,20 swedish brands every highsnobiety reader should know,2023-10-04T14:06:51Z
bbc news,https://wwwfacebookcom/bbcnews,boohoo slashes sales forecast and plans major cuts,2023-10-03T11:03:10Z
[removed],,[removed],1970-01-01T00:00:00Z
highsnobiety,,jw anderson alum seán mcgirr to take the helm at alexander mcqueen,2023-10-03T16:27:26Z
forbes,NA,how fashions powerful marketing machines can promote sustainability,2023-09-28T20:22:29Z
business insider,rick stella,samsung galaxy watch 6 classic review: a great smartwatch that's slightly tarnished by inaccurate gps,2023-10-06T17:34:14Z
springwisecom,hannah hudson,designing clothes for a waste-free future,2023-09-18T13:51:47Z
gq magazine,gerald ortiz,the outerknown blanket shirt is on sale for today only,2023-10-05T12:00:00Z
gq magazine,samuel hine,is there room for world-builders in fashion anymore?,2023-10-03T15:09:27Z
physorg,matt swayne,new business model may help curb fashion's fierce environmental impacts,2023-09-22T16:38:04Z
forbes,NA,‘fashion 4 development founder evie evangelou on fashion as a force for change,2023-10-03T15:32:00Z
bbc news,https://wwwfacebookcom/bbcnews,shein in talks to buy missguided from mike ashley's frasers group,2023-09-17T11:20:00Z
appleinsider,NA,amazon's new echo devices bring generative ai and new smart home features,2023-09-20T18:18:11Z
gq magazine,adam cheung,mads mikkelsen just wore your new favorite go-to shirt,2023-09-29T12:00:00Z
[removed],,[removed],1970-01-01T00:00:00Z
comingsoonnet,anubhav chaudhry,victorias secret fashion show world tour streaming: watch & stream online via amazon prime video,2023-09-27T09:00:48Z
springwisecom,hannah hudson,turning pineapple waste into natural textiles,2023-10-04T05:00:00Z
forbes,NA,"1980s milan comes to vancouver, in the form of a burger utopia",2023-09-18T23:06:07Z
presse-citron,jean-yves alric,temu : ces soupçons despionnage nempêchent pas le site de cartonner,2023-10-09T11:30:12Z
corriereit,corriere tv,la regina camilla sfida a ping pong brigitte macron,2023-09-21T15:03:13Z
hvghu,NA,"zcast: „olyan nincs, hogy valami olcsó"" – dobos emese a fast fashionről",2023-09-26T13:05:00Z
highsnobiety,,mr porter x gallery dept release an exclusive capsule collection,2023-10-13T16:29:55Z
quartz india,grete suarez,chinas e-commerce inroads are back in focus amid alibabas “possible espionage” in europe,2023-10-09T10:00:00Z
forbes,NA,"legacy left by universal standards late co-founder, alex waldman",2023-09-29T13:00:00Z
incolumitascom,nikolai tschacher,botornot (2021),2023-09-15T09:23:50Z
android police,taylor kerns,how to find the best fit for your true wireless earbuds,2023-09-27T17:06:17Z
forbes,NA,how abdoul kader adjagbe captures the intricacies of paris fashion week through his lens,2023-09-25T07:44:50Z
bbc news,https://wwwfacebookcom/bbcnews,the archies: why an american comic book evokes nostalgia in indians,2023-09-23T23:05:35Z
who what wear,bobby schuessler,amazon prime big deal days is here—you won't regret these 46 fashion items,2023-10-10T04:00:00Z
appleinsider,NA,"grab everything you need for your iphone 15 - cases, cables, chargers, and more",2023-09-22T17:50:11Z
highsnobiety,,22 german clothing brands every highsnobiety reader should know,2023-09-14T15:03:31Z
9to5mac,rikka altland,"apple magsafe battery pack hits $85, iphone 13/pro/max from $520, more",2023-09-18T15:49:50Z
bbc news,https://wwwfacebookcom/bbcnews,nearly half a billion small tech items thrown away,2023-10-11T23:10:13Z
highsnobiety,,these are the only jackets you need for fall 2023,2023-09-26T12:20:10Z
[removed],,[removed],1970-01-01T00:00:00Z
ubergizmo,paulo montenegro,honor v purse unveiled as cutting-edge outward foldable smartphone,2023-09-19T16:46:17Z
[removed],,[removed],1970-01-01T00:00:00Z
gq magazine,adam caparell,boxer jermell charlo's got the balenciaga ring fit now he wants a watch from james harden,2023-09-29T15:24:21Z
bbc news,https://wwwfacebookcom/bbcnews,the hunt for a new way to tackle clothing waste,2023-10-08T23:04:57Z
forbes,NA,how a local founder launched a beautiful los angeles pilates studio after selling her fashion business,2023-09-29T15:34:20Z
forbes,NA,how a local founder launched las most beautiful pilates studio after selling her fashion business,2023-09-29T15:34:20Z
forbes,NA,"are thredup, the realreal and depop gentrifying the thrift store?",2023-09-19T14:52:43Z
forbes,NA,nick weatherheads the supreme agency is experimenting with fashion and streetwear,2023-09-28T22:46:54Z
business insider,"brendan griffiths,sarah saril",150+ last-minute october prime day deals that end tonight,2023-10-12T02:33:35Z
forbes,NA,shein may be lining up missguided deal in first uk brand acquisition,2023-09-18T10:34:33Z
[removed],,[removed],1970-01-01T00:00:00Z
[removed],,[removed],1970-01-01T00:00:00Z
highsnobiety,,noma's paradise is a glimpse into a new era (*excellent clothes included),2023-09-29T17:01:30Z
die welt,richard kämmerlings,"„ein drittel geschäft, ein drittel literatur, ein drittel essay“",2023-09-29T09:41:18Z
modern farmer,lena beck,staying ‘fiber curious in an age of fast fashion,2023-10-04T12:00:47Z
theregistercom,connor jones,cdw data to be leaked next week after negotiations with lockbit break down,2023-10-06T13:21:07Z
faznet,claudia bothe,nachhaltigkeit bei kleidung: warum secondhand nicht die lösung ist,2023-10-10T11:16:30Z
hashnodedev,abid moon,2023 devops is terrible,2023-10-01T18:29:54Z
espn,eric moody and nfl nation,nfl nation fantasy update: what to expect in jonathan taylor's return,2023-10-07T16:53:44Z
wwd,nikki chwatt,act fast: the iconic marc jacobs tote bag is $40 off during amazon prime day,2023-10-10T15:30:54Z
crackedcom,jm mcnab,6 of the best ironic uses of brands in comedies,2023-09-17T15:30:00Z
[removed],,[removed],1970-01-01T00:00:00Z
windows central,eternalrhage@gmailcom (cole martin),paleo pines xbox review: a snoot-boopin' good time,2023-09-26T11:09:18Z
ign,tom marks,sonic superstars review,2023-10-13T13:00:00Z
ign,jordan sirani,"cyberpunk 2077: phantom liberty – release date, gameplay updates, story details, and latest news",2023-09-14T13:02:00Z
above the law,nicolette shamsian,sheins unfashionable ip and rico controversies,2023-09-27T18:14:48Z
webdesignerdepotcom,,the 10 most successful rebrands of all time - ranked,2023-09-28T12:30:00Z
